-- phpMyAdmin SQL Dump
-- version 5.2.1
-- https://www.phpmyadmin.net/
--
-- Host: 127.0.0.1
-- Generation Time: Dec 16, 2023 at 07:32 AM
-- Server version: 10.4.28-MariaDB
-- PHP Version: 8.2.4

SET SQL_MODE = "NO_AUTO_VALUE_ON_ZERO";
START TRANSACTION;
SET time_zone = "+00:00";


/*!40101 SET @OLD_CHARACTER_SET_CLIENT=@@CHARACTER_SET_CLIENT */;
/*!40101 SET @OLD_CHARACTER_SET_RESULTS=@@CHARACTER_SET_RESULTS */;
/*!40101 SET @OLD_COLLATION_CONNECTION=@@COLLATION_CONNECTION */;
/*!40101 SET NAMES utf8mb4 */;

--
-- Database: `scm_mushroom`
--

-- --------------------------------------------------------

--
-- Table structure for table `admin`
--

CREATE TABLE `admin` (
  `id` int(11) NOT NULL,
  `username` varchar(20) NOT NULL,
  `password` varchar(20) NOT NULL
) ENGINE=InnoDB DEFAULT CHARSET=latin1 COLLATE=latin1_swedish_ci;

--
-- Dumping data for table `admin`
--

INSERT INTO `admin` (`id`, `username`, `password`) VALUES
(1, 'admin', 'admin123');

-- --------------------------------------------------------

--
-- Table structure for table `area`
--

CREATE TABLE `area` (
  `area_id` int(11) NOT NULL,
  `area_name` varchar(50) NOT NULL,
  `area_code` varchar(10) NOT NULL
) ENGINE=InnoDB DEFAULT CHARSET=latin1 COLLATE=latin1_swedish_ci;

--
-- Dumping data for table `area`
--

INSERT INTO `area` (`area_id`, `area_name`, `area_code`) VALUES
(1, 'San Roque, Antipolo city', '1870'),
(2, 'San Jose, Antipolo city', '1870'),
(3, 'San Isidro, Antipolo city', '1870'),
(4, 'Dela Paz, Antipolo city', '1870'),
(5, 'Bagong Nayon, Antipolo city', '1870');

-- --------------------------------------------------------

--
-- Table structure for table `categories`
--

CREATE TABLE `categories` (
  `cat_id` int(11) NOT NULL,
  `cat_name` varchar(25) NOT NULL,
  `cat_details` text DEFAULT NULL
) ENGINE=InnoDB DEFAULT CHARSET=latin1 COLLATE=latin1_swedish_ci;

--
-- Dumping data for table `categories`
--

INSERT INTO `categories` (`cat_id`, `cat_name`, `cat_details`) VALUES
(8, 'Dried Mushroom', ''),
(11, 'Fresh Mushroom', '');

-- --------------------------------------------------------

--
-- Table structure for table `distributor`
--

CREATE TABLE `distributor` (
  `dist_id` int(11) NOT NULL,
  `dist_name` varchar(25) NOT NULL,
  `password` varchar(25) NOT NULL,
  `dist_email` varchar(50) DEFAULT NULL,
  `dist_phone` varchar(11) NOT NULL,
  `dist_address` varchar(200) DEFAULT NULL
) ENGINE=InnoDB DEFAULT CHARSET=latin1 COLLATE=latin1_swedish_ci;

--
-- Dumping data for table `distributor`
--

INSERT INTO `distributor` (`dist_id`, `dist_name`, `password`, `dist_email`, `dist_phone`, `dist_address`) VALUES
(2, 'william', '1234', 'william@gmail.com', '9099432197', 'taga project 2'),
(3, 'john michael jayme', '1234', 'jmjayme@gmail.com', '7878025437', 'basta sa cogeo'),
(4, 'testone', '1234', 'test@gmail.com', '9012376544', 'testone'),
(5, 'testones', '1234', 'testones@gmail.com', '8980745372', 'testone'),
(6, 'archie', '1234', 'archie@gmail.com', '0956472128', '09564721284');

-- --------------------------------------------------------

--
-- Table structure for table `invoice`
--

CREATE TABLE `invoice` (
  `invoice_id` int(11) NOT NULL,
  `order_id` int(11) NOT NULL,
  `retailer_id` int(11) NOT NULL,
  `dist_id` int(11) NOT NULL,
  `date` date NOT NULL,
  `total_amount` decimal(10,3) NOT NULL,
  `comments` text DEFAULT NULL
) ENGINE=InnoDB DEFAULT CHARSET=latin1 COLLATE=latin1_swedish_ci;

-- --------------------------------------------------------

--
-- Table structure for table `invoice_items`
--

CREATE TABLE `invoice_items` (
  `invoice_items_id` int(11) NOT NULL,
  `invoice_id` int(11) NOT NULL,
  `product_id` int(11) NOT NULL,
  `quantity` int(6) NOT NULL
) ENGINE=InnoDB DEFAULT CHARSET=latin1 COLLATE=latin1_swedish_ci;

-- --------------------------------------------------------

--
-- Table structure for table `manufacturer`
--

CREATE TABLE `manufacturer` (
  `man_id` int(11) NOT NULL,
  `man_name` varchar(25) NOT NULL,
  `man_email` varchar(50) DEFAULT NULL,
  `man_phone` varchar(10) NOT NULL,
  `username` varchar(20) NOT NULL,
  `password` varchar(20) NOT NULL
) ENGINE=InnoDB DEFAULT CHARSET=latin1 COLLATE=latin1_swedish_ci;

--
-- Dumping data for table `manufacturer`
--

INSERT INTO `manufacturer` (`man_id`, `man_name`, `man_email`, `man_phone`, `username`, `password`) VALUES
(5, 'Williampogi', 'archwie@gmail.com', '7634507612', 'Williampogi', 'Williampogi');

-- --------------------------------------------------------

--
-- Table structure for table `orders`
--

CREATE TABLE `orders` (
  `order_id` int(11) NOT NULL,
  `date` date NOT NULL,
  `retailer_id` int(11) NOT NULL,
  `approved` tinyint(1) NOT NULL,
  `status` tinyint(1) NOT NULL,
  `total_amount` decimal(10,3) NOT NULL
) ENGINE=InnoDB DEFAULT CHARSET=latin1 COLLATE=latin1_swedish_ci;

--
-- Dumping data for table `orders`
--

INSERT INTO `orders` (`order_id`, `date`, `retailer_id`, `approved`, `status`, `total_amount`) VALUES
(18, '2023-12-10', 9, 0, 0, 3600.000),
(19, '2023-12-16', 9, 1, 0, 28716.000),
(20, '2023-12-16', 9, 1, 0, 12366.000),
(21, '2023-12-16', 9, 0, 0, 7089.000);

-- --------------------------------------------------------

--
-- Table structure for table `order_items`
--

CREATE TABLE `order_items` (
  `order_items_id` int(11) NOT NULL,
  `order_id` int(11) NOT NULL,
  `pro_id` int(11) NOT NULL,
  `quantity` int(6) NOT NULL
) ENGINE=InnoDB DEFAULT CHARSET=latin1 COLLATE=latin1_swedish_ci;

--
-- Dumping data for table `order_items`
--

INSERT INTO `order_items` (`order_items_id`, `order_id`, `pro_id`, `quantity`) VALUES
(79, 18, 22, 12),
(80, 18, 23, 12),
(81, 19, 22, 123),
(82, 19, 23, 42),
(83, 19, 24, 52),
(84, 20, 22, 12),
(85, 20, 23, 32),
(86, 20, 24, 42),
(87, 21, 22, 1),
(88, 21, 23, 23),
(89, 21, 24, 23);

-- --------------------------------------------------------

--
-- Table structure for table `products`
--

CREATE TABLE `products` (
  `pro_id` int(11) NOT NULL,
  `pro_name` varchar(25) NOT NULL,
  `pro_desc` text DEFAULT NULL,
  `pro_price` decimal(10,3) NOT NULL,
  `unit` int(11) NOT NULL,
  `pro_cat` int(11) NOT NULL,
  `quantity` int(6) DEFAULT NULL
) ENGINE=InnoDB DEFAULT CHARSET=latin1 COLLATE=latin1_swedish_ci;

--
-- Dumping data for table `products`
--

INSERT INTO `products` (`pro_id`, `pro_name`, `pro_desc`, `pro_price`, `unit`, `pro_cat`, `quantity`) VALUES
(22, 'chili flavored ', 'chili flavored chili flavored ', 120.000, 4, 8, 0),
(23, 'freshharv', 'sad', 180.000, 1, 11, 0),
(24, 'Mushies', 'masarap', 123.000, 1, 11, 0);

-- --------------------------------------------------------

--
-- Table structure for table `retailer`
--

CREATE TABLE `retailer` (
  `retailer_id` int(11) NOT NULL,
  `username` varchar(25) NOT NULL,
  `password` varchar(25) NOT NULL,
  `address` varchar(200) NOT NULL,
  `area_id` int(11) NOT NULL,
  `phone` varchar(10) NOT NULL,
  `email` varchar(50) DEFAULT NULL
) ENGINE=InnoDB DEFAULT CHARSET=latin1 COLLATE=latin1_swedish_ci;

--
-- Dumping data for table `retailer`
--

INSERT INTO `retailer` (`retailer_id`, `username`, `password`, `address`, `area_id`, `phone`, `email`) VALUES
(9, 'archie', 'archie', 'blk 13 lot 12 cribs ', 1, '0956472128', 'Ambilaro@gmail.com');

-- --------------------------------------------------------

--
-- Table structure for table `unit`
--

CREATE TABLE `unit` (
  `id` int(11) NOT NULL,
  `unit_name` varchar(20) NOT NULL,
  `unit_details` text DEFAULT NULL
) ENGINE=InnoDB DEFAULT CHARSET=latin1 COLLATE=latin1_swedish_ci;

--
-- Dumping data for table `unit`
--

INSERT INTO `unit` (`id`, `unit_name`, `unit_details`) VALUES
(1, 'KG', 'Kilo Gram'),
(2, 'PCS', 'Pieces'),
(4, 'PCK', 'pack');

--
-- Indexes for dumped tables
--

--
-- Indexes for table `admin`
--
ALTER TABLE `admin`
  ADD PRIMARY KEY (`id`);

--
-- Indexes for table `area`
--
ALTER TABLE `area`
  ADD PRIMARY KEY (`area_id`);

--
-- Indexes for table `categories`
--
ALTER TABLE `categories`
  ADD PRIMARY KEY (`cat_id`);

--
-- Indexes for table `distributor`
--
ALTER TABLE `distributor`
  ADD PRIMARY KEY (`dist_id`);

--
-- Indexes for table `invoice`
--
ALTER TABLE `invoice`
  ADD PRIMARY KEY (`invoice_id`),
  ADD KEY `order_id` (`order_id`),
  ADD KEY `retailer_id` (`retailer_id`),
  ADD KEY `dist_id` (`dist_id`);

--
-- Indexes for table `invoice_items`
--
ALTER TABLE `invoice_items`
  ADD PRIMARY KEY (`invoice_items_id`),
  ADD KEY `invoice_id` (`invoice_id`),
  ADD KEY `product_id` (`product_id`);

--
-- Indexes for table `manufacturer`
--
ALTER TABLE `manufacturer`
  ADD PRIMARY KEY (`man_id`);

--
-- Indexes for table `orders`
--
ALTER TABLE `orders`
  ADD PRIMARY KEY (`order_id`),
  ADD KEY `retailer_id` (`retailer_id`);

--
-- Indexes for table `order_items`
--
ALTER TABLE `order_items`
  ADD PRIMARY KEY (`order_items_id`),
  ADD KEY `order_id` (`order_id`),
  ADD KEY `pro_id` (`pro_id`);

--
-- Indexes for table `products`
--
ALTER TABLE `products`
  ADD PRIMARY KEY (`pro_id`),
  ADD KEY `unit` (`unit`),
  ADD KEY `pro_cat` (`pro_cat`);

--
-- Indexes for table `retailer`
--
ALTER TABLE `retailer`
  ADD PRIMARY KEY (`retailer_id`),
  ADD KEY `area_code` (`area_id`),
  ADD KEY `area_id` (`area_id`),
  ADD KEY `area_id_2` (`area_id`),
  ADD KEY `area_id_3` (`area_id`),
  ADD KEY `area_id_4` (`area_id`);

--
-- Indexes for table `unit`
--
ALTER TABLE `unit`
  ADD PRIMARY KEY (`id`);

--
-- AUTO_INCREMENT for dumped tables
--

--
-- AUTO_INCREMENT for table `admin`
--
ALTER TABLE `admin`
  MODIFY `id` int(11) NOT NULL AUTO_INCREMENT, AUTO_INCREMENT=2;

--
-- AUTO_INCREMENT for table `area`
--
ALTER TABLE `area`
  MODIFY `area_id` int(11) NOT NULL AUTO_INCREMENT, AUTO_INCREMENT=6;

--
-- AUTO_INCREMENT for table `categories`
--
ALTER TABLE `categories`
  MODIFY `cat_id` int(11) NOT NULL AUTO_INCREMENT, AUTO_INCREMENT=12;

--
-- AUTO_INCREMENT for table `distributor`
--
ALTER TABLE `distributor`
  MODIFY `dist_id` int(11) NOT NULL AUTO_INCREMENT, AUTO_INCREMENT=7;

--
-- AUTO_INCREMENT for table `invoice`
--
ALTER TABLE `invoice`
  MODIFY `invoice_id` int(11) NOT NULL AUTO_INCREMENT, AUTO_INCREMENT=18;

--
-- AUTO_INCREMENT for table `invoice_items`
--
ALTER TABLE `invoice_items`
  MODIFY `invoice_items_id` int(11) NOT NULL AUTO_INCREMENT, AUTO_INCREMENT=70;

--
-- AUTO_INCREMENT for table `manufacturer`
--
ALTER TABLE `manufacturer`
  MODIFY `man_id` int(11) NOT NULL AUTO_INCREMENT, AUTO_INCREMENT=7;

--
-- AUTO_INCREMENT for table `orders`
--
ALTER TABLE `orders`
  MODIFY `order_id` int(11) NOT NULL AUTO_INCREMENT, AUTO_INCREMENT=22;

--
-- AUTO_INCREMENT for table `order_items`
--
ALTER TABLE `order_items`
  MODIFY `order_items_id` int(11) NOT NULL AUTO_INCREMENT, AUTO_INCREMENT=90;

--
-- AUTO_INCREMENT for table `products`
--
ALTER TABLE `products`
  MODIFY `pro_id` int(11) NOT NULL AUTO_INCREMENT, AUTO_INCREMENT=25;

--
-- AUTO_INCREMENT for table `retailer`
--
ALTER TABLE `retailer`
  MODIFY `retailer_id` int(11) NOT NULL AUTO_INCREMENT, AUTO_INCREMENT=10;

--
-- AUTO_INCREMENT for table `unit`
--
ALTER TABLE `unit`
  MODIFY `id` int(11) NOT NULL AUTO_INCREMENT, AUTO_INCREMENT=5;
COMMIT;

/*!40101 SET CHARACTER_SET_CLIENT=@OLD_CHARACTER_SET_CLIENT */;
/*!40101 SET CHARACTER_SET_RESULTS=@OLD_CHARACTER_SET_RESULTS */;
/*!40101 SET COLLATION_CONNECTION=@OLD_COLLATION_CONNECTION */;
